{
    "musicVolume": 50.36763381958008,
    "sfxVolume": 52.69598388671875,
    "bright": 2,
    "effectOn": true,
    "round": 9,
    "isDeveloper": true
}