{
    "musicVolume": 23.42616844177246,
    "sfxVolume": 13.086573600769043,
    "bright": 1,
    "effectOn": true,
    "round": 3
}