{
    "musicVolume": 23.42616844177246,
    "sfxVolume": 64.8287582397461,
    "bright": 2,
    "effectOn": true,
    "round": 3
}