{
    "musicVolume": 23.56924057006836,
    "sfxVolume": 50.259132385253909,
    "bright": 1,
    "effectOn": true,
    "round": 11
}