{
    "musicVolume": 76.38550567626953,
    "sfxVolume": 13.086573600769043,
    "bright": 0,
    "effectOn": true,
    "round": 1
}