{
    "musicVolume": 45.34331130981445,
    "sfxVolume": 48.7745475769043,
    "bright": 1,
    "effectOn": true,
    "round": 9,
    "isDeveloper": false
}