{
    "musicVolume": 6.824482440948486,
    "sfxVolume": 20.426498413085939,
    "bright": 0,
    "effectOn": true,
    "round": 9,
    "isDeveloper": true
}