{
    "musicVolume": 15.4221773147583,
    "sfxVolume": 34.38014221191406,
    "bright": 1,
    "effectOn": true,
    "round": 9,
    "isDeveloper": true
}