{
    "musicVolume": 27.976394653320314,
    "sfxVolume": 20.426498413085939,
    "bright": 2,
    "effectOn": true,
    "round": 9,
    "isDeveloper": false
}